c2c6cac6-66b9-4f00-92b4-66dd13459802,FTP Software
42daa18d-0002-4209-9a82-fd1ca61fd242,Rideshare
5dc4a596-9df6-4d21-816a-1993f549abce,City Guides
d0f02da6-dc35-437f-b518-486798d499c3,Home Deals
94304cda-a46e-48c3-b29e-6e7c94433efa,Outdoors
a9cfd2cb-541a-4376-abf6-cb023bd58b08,Board Games
4f1946a6-f4de-46db-b5d7-2f0eed229cdd,Eye Care
abee00a6-155c-49c7-b469-f5247931d212,Genealogy Software
ea4f72b4-9315-49e8-b8dc-d7256e8d2a13,Gaming
9de73de2-6861-4e34-a771-a18f7def5f5d,3D Modeling Software
868712b5-ee4a-4236-9bec-382b9a3e94b5,Computer Deals
3197a7bb-e8a7-4158-8437-b631fb69293a,Download Managers
d0bf3e21-32b9-4d45-a6ce-87b7c39f3224,Media Management
42d44ac7-8e30-4a28-8213-f41538f8275a,Lists
67e9c142-ecb2-41ce-84f8-9346c3a084fe,Wallpaper Editors & Tools
89b1da60-ba54-485c-8755-31bd0e18a89b,Superluxury Cars
049c5996-84a3-4404-a865-6d87c8106c2c,Wireless Plans
f984e784-6d0b-412d-8fee-92aa199c16ae,Cover Stories
9aacc919-78ff-445f-a272-528da89f4d5b,Automotive Deals
e8c4645a-8c91-41e8-83d1-a8fa61f85513,Scanner Drivers
18b04a23-8d2e-4260-b9dc-c26dc42771cc,PlayStation
9abc11fc-b321-4f40-85e9-92d1c1315082,Accessories
08fbfb44-8606-11e2-a661-024c619f5c3d,After Hours
e302ca71-1daf-4ce2-a887-ed7dbac444c5,Data Science
0919a78e-8606-11e2-a661-024c619f5c3d,Amazon
9760d109-1fb8-40b4-8a9f-f02a1b259188,Printer Software
09288d3a-8606-11e2-a661-024c619f5c3d,Android
4d760c22-1314-4421-9d93-16b49600f577,Diesel Vehicles
0972be46-8606-11e2-a661-024c619f5c3d,Asean
ada66655-b853-4b84-9edb-572d031a4d52,Automation Software
099f378c-8606-11e2-a661-024c619f5c3d,Australia
09bf7af6-8606-11e2-a661-024c619f5c3d,Banking
09ce7e8e-8606-11e2-a661-024c619f5c3d,Big Data
22728989-236a-4db1-9044-f7a3f8fecce4,Security Services
0a636012-8606-11e2-a661-024c619f5c3d,CES 2021
0a9ed944-8606-11e2-a661-024c619f5c3d,Cloud
df4cb791-702b-4975-bc31-2734fa81996d,Yard & Garden Accessories
a84b7ba2-9826-4340-a045-d48307807ffc,Home Security
bac3a8e7-5c06-43d5-b04c-8afdfbbc4291,Exercising
e1fb3925-1754-431e-b718-e7d8256440dc,Smart Speakers
0ab09756-8606-11e2-a661-024c619f5c3d,Collaboration
0acf651e-8606-11e2-a661-024c619f5c3d,Consumerization
0ade2ff4-8606-11e2-a661-024c619f5c3d,CXO
0aed1ce4-8606-11e2-a661-024c619f5c3d,Data Centers
0b0b16c2-8606-11e2-a661-024c619f5c3d,Data Management
0b57fbe0-8606-11e2-a661-024c619f5c3d,E-Commerce
d9b1ff99-3886-4777-b0d8-2ef43197ab68,Childhood
774e23d0-33a6-4a5f-a942-f884cca8bf69,Tools
e549d96b-d4bc-4ee3-92ef-91f8a26de477,Stock Market
0ba3a086-8606-11e2-a661-024c619f5c3d,Enterprise Software
0bb2815a-8606-11e2-a661-024c619f5c3d,EU
0bd08682-8606-11e2-a661-024c619f5c3d,Google
99704d6e-77d0-4053-bcc1-e67528c726d5,Sports Equipment
0d019884-8606-11e2-a661-024c619f5c3d,India
a55fa0d9-9f97-41bd-95f4-ffea8a5e9440,Performance Vehicles
0d6a34d4-8606-11e2-a661-024c619f5c3d,IT Policies
fef1cd0d-c57b-4361-a9a3-720633a044c1,Sleep
1ddb23ec-fc26-4428-a88c-fd4c6b15e799,Video Drivers
ae9f4ce4-f1dd-42a0-909b-79fefd664754,Sports
0e1d6cc0-8606-11e2-a661-024c619f5c3d,Microsoft
718b6b60-a092-4e3e-9978-605ec4f8bff7,iTunes Visualizers
0e4a3e62-8606-11e2-a661-024c619f5c3d,Mobility
7d8d2d58-492f-495d-a97e-6a84763f5e90,Presentation Software
ad4da1e3-41f0-4b0f-8898-685cdeae0a51,Mattresses
0e86c3aa-8606-11e2-a661-024c619f5c3d,Networking
c106f602-9852-42d3-ae1a-378e3c3563b7,Power Tools
a1a36bf9-fb8b-4db6-b2f5-3856530d03c7,Personal Care Accessories
6c2e3285-a8ee-46e8-9c37-27bf5bdcd6f5,Pets
100bff24-8606-11e2-a661-024c619f5c3d,Open Source
05851238-070f-48f4-b5a7-0180fccf428b,PDF Software
10b5fda8-8606-11e2-a661-024c619f5c3d,Printers
c648a3fe-d026-4a03-acab-75e6a61543d8,Icons
96b5f827-b091-49bd-894f-bb84d7764127,Original Podcasts
1110fdb6-8606-11e2-a661-024c619f5c3d,Samsung
26dfb8ad-0b87-4920-843f-de386304fb05,Digital Media
117967e8-8606-11e2-a661-024c619f5c3d,SMBs
118854d8-8606-11e2-a661-024c619f5c3d,Social Enterprise
119743da-8606-11e2-a661-024c619f5c3d,Software
11b4acc2-8606-11e2-a661-024c619f5c3d,Start-Ups
b4599f39-f0be-4274-9436-a249022afdf2,Skins
1655f73f-89da-424c-a62b-646d630c80d9,SMS Tools
11fe857c-8606-11e2-a661-024c619f5c3d,Tech Industry
e5dc0fdb-1918-4f61-965d-a0897b4805a8,Animation Software
48fee3a3-ede9-4b7d-bfaf-cb47ca0e581f,Other Browser Add-ons & Plugins
584cc416-201d-4f4c-82be-ddd1cbb14ed1,ActiveX
22ddf2c5-587c-42e1-9407-9dc8fc353db9,reuse me
5420474f-b595-46db-992d-276060e0e32c,Scooters
be6cba65-8799-4d4f-b098-21b7d38467b4,Video Converters
fbb45e7b-7b67-4e11-a112-ffc823c784c0,Nintendo
438881c4-1a2d-45f2-9f06-716aa2419ad2,Robots
fc40d89c-9d13-43b5-b7f7-f1bdbcebbc09,Sedans
e44abb40-b696-4ec0-ae0e-38d746321a54,Climate
17a3bc11-9870-40f0-bdb8-bc81d1057126,Communications
0ac99d3a-6d3a-4bd9-bc41-3d966664574b,Battery Utilities
293965d2-2c5d-4369-a0fb-b115f0311cec,Storage Drivers
31d5e523-a599-4e85-aba8-65e0c40b6de8,Screensavers & Wallpaper
40c264cd-b1eb-4716-b7cf-4e245af91f9e,Audio Drivers
1b03b430-c377-4c92-9f5e-b4b2601b77ae,Gardening & Outdoors
5e6df128-3be2-4af5-8fb3-a330ee64abed,Trucks
5935c66f-eb53-4d4a-bc08-8e03079253cd,Personal Care
068be911-ef51-42f0-9e6a-a891332527ea,Entertainment
98260b54-7cca-4a5c-aecc-881aae88bf5a,Future Cars
f1b6c08a-f907-49d8-9f0b-b7db7d64bde4,Screensavers
7195831a-6269-45e9-a25a-e91ddf9b6f89,Language Software
680e28bd-8db3-4473-9435-2f3c858a5c75,Wallpaper
64df351f-2bfa-4060-9585-739a751a8dc8,VR/AR Productivity
814d830a-1977-4c1d-ba21-0ec43894ecfd,USB Drivers
3e58a054-b200-470c-82a8-4bbbf2a689a3,Grooming
f3a85610-886b-448f-a6ea-49d341e1ee2a,Rippers & Converting Software
c13c9046-0713-4e45-8706-cd24806ac4c9,Crypto
d3a8a90f-8fb6-4fa4-b0cc-1d8fa10f31e1,Bed Accessories
aad6255d-93bc-4e9c-a5e5-30d4c7c6e71e,Live Blog
f53c5a4d-1552-419d-ac3a-4ca6bbb1f468,Comics & Toys
ef049bec-5bbb-4493-a830-206448cf584c,Smart Leak Detectors
927abd6f-5e8b-436a-b714-3e0ccf62fd75,Decade in Review
db61ab58-32b0-4aa6-80f2-7356f1b2750c,Home (Deals)
4ef3d736-b313-45f1-be02-6e374707a1e5,Web Phones & VoIP Software
f31edaff-d079-4db2-8423-6d6cd01f3030,iPod Backup
79e58137-0f2f-4570-9ba4-feb233b6bada,Digital Transformation
d4a4cdb3-7601-48ea-9f8a-9c0b8fd5fa5a,Home Internet
40996e5b-b423-4f22-9839-0a2ac2c4c177,Mixers
b9775522-55f4-410e-9826-133b17de3ffa,CD Burners
ddce720b-b4e8-47bc-8a8b-4499471dce51,Marshall Grandchild
b78f26ac-ef93-4867-bdeb-4c93b3633dff,Cars
16b61814-4dfc-4b88-9362-5bda6145abc6,File Server Software
03c628a4-691c-4a5e-8054-d4a194a628fb,First look from the Labs
e643661a-2647-4cc8-9755-c05a6157632a,Other
b8fbe3c2-db5d-40ca-a3d5-b44660bf6e6e,Database Software
0736afa7-413a-463e-8f04-3241dc1badc5,Drones
c7861a22-b094-4b11-856a-ba8da591d26f,Toys Deals
b7a89982-2760-4dfc-b9b4-8c2e6bdccd48,DON'T USE
28d8714b-8ff7-4378-9b73-2ea970f357cd,Other Utilities & Operating Systems
752de8fe-6106-4537-bcb9-7a933ad51d48,Tech
0173b13a-a130-4250-a6bc-25d09c305678,Photo Sharing & Publishing
f41b5185-409d-49c6-9cd0-ed52eeb4071d,Print Server Software
450d7b3c-4260-4083-8477-a26f10c34fa1,Astrology Software
69526917-0ff5-4940-865b-2c9cc736d4de,Meal Kits
5b1816c5-bcb1-4c94-8b4f-3c380f610345,Test Topic
000c287f-eed6-4626-a85c-8106f3cd5733,Other Productivity Software
ccc7ee00-08f7-4ca4-b551-df1bdb242fbf,Cards & Lottery
a4ab22db-1d63-43cc-a695-0bc4208816eb,People
dfc4790a-2c08-4bbf-abc7-1c02462052e9,Educational Software
01f20004-d839-4062-a011-eb1aa5dc2690,Science Software
1e54a59b-bbba-4a2e-aee0-54fc93e3874e,DIY & How-To Software
e5f702f6-c7b5-4784-a259-5e37a9348711,Music
c8c261dd-067a-4f67-a365-625b2e03a0c5,Baby Deals
b83d20f7-1e28-4d4a-8688-3c9ae0faaa26,News
5d2c9d5b-9b0c-4ddb-bd69-b5a2b6670b76,Keyboard Drivers
fc920989-625c-4397-8362-890dbd0aa0bc,TV Premiere Dates
b5a34629-19a5-435e-a615-431232619371,Video Games Deals
b92e9af0-fd90-468a-9962-d3312f567f16,Smart Office
b2764651-c634-42f5-bb7d-32182d44326c,Money
4b6cbc86-9dda-4d38-b475-76ea8bd6fcde,Office Suites
8172df62-10ca-4a12-bd82-59700ca32605,Air Conditioners
bf0e7b87-dfb5-4f10-a48e-bc6a6b8b5bdf,Home Inventory Software
e58f51e6-6682-4929-85e8-a2be90034580,Operating Systems & Updates
57630bf1-2d90-46b1-8706-0c98cc20bf33,Apparel Deals
76d90a3c-7ca2-4034-9ec4-121054a459a1,Smart Plugs & Switches
9abb8f00-1b68-4e18-be13-3a7fa33feee2,Flash Software
67c70dd4-42c1-468f-88c4-4a526a235333,Classic Vehicles
2a86046e-c7af-4c97-8ea8-95f805bf16c1,Digital Photo Software
54882c2e-39e3-4ee1-8552-bf5dd321674a,Calculators
d0618629-9451-49a2-a972-3e6e7770105c,Online Services
73bc51b2-980d-4cbc-8937-adf7e98360af,SUVs
efca6d0f-e519-485c-89f8-d935948a62a9,Games
edf5b695-639a-49d7-8be7-c7fad1f30849,TV & Movies
ff510a7e-85bf-4595-875a-ffff0122fcaf,Resume Software
0f2b581a-34b4-4a40-becd-4f3d436b7da3,Taxes
a1e64528-5481-467d-b49b-10be60ab208f,CD & DVD Drivers
9016dac6-7486-4f51-8edd-db416446d693,Personal Development
74f286cd-46fb-4ba6-a014-12cc17ed86aa,Vans
8c059627-99fc-4d5e-aecb-48fa8f8f3bd0,Election Tech 2016
a4fd51ea-0480-48f1-a706-60fcc601bf28,Biology
71454acb-2af2-458e-a0e0-61b12bffc6f4,Desktop Publishing Software
ca6e60cd-d284-414f-9b23-66095df2740f,Parenting
6e6952df-2d1b-4525-9dad-c06e8069324d,Emmys 2014
bd55bed9-a763-4e62-9c5b-e29b5d5d6076,3D Printers
7b3652e1-1951-4109-81a0-2ded094490b4,Versus
4364933f-3822-4a96-9354-8fa8e3a27833,Trains
25d76b7b-0a08-44cc-92ba-17d723139e12,Grills
da937a14-2368-4316-93b0-147bd7574868,Lawn and Garden Deals
87948650-975a-49f7-a489-2a5e4b7a6af0,Marshall Child
d03c384f-31e3-4bea-86c3-86c842353574,Video Capture Software
dbb34255-1925-47af-9c44-d1d4bc2464a2,Investing
fafd8757-c333-4059-b955-665eb08f7b76,Fitness Tech
b166c1d5-8cd2-407f-a2cc-db1bff4ff999,Music
b9c62bc7-de66-4f25-b15f-68bcb5ea6782,Language and Translators
54f3be3e-7e0e-4e71-90e2-a4d1568594a1,Corporate Security Software
de568cac-f63c-4892-87ae-6327fda29970,Bicycles & Bike Accessories
ae7774bd-2fca-41c4-b269-6423525e1559,Dieting
61e745ca-a388-4d7c-9594-f52cb45641d3,iTunes Utilities
3211a8b3-5154-40a6-ac9e-4c461ce9b292,Popup Blocker Software
a48bfd36-e8f2-45a8-b440-d004d46fc596,Landscape Design Software
fc5829c2-fe3a-4a78-99a8-7003202ae099,SEO Tools
0af2b2c8-2cb5-40dc-b98b-00cfd8b2453e,Illustration Software
6481b428-7b09-4ea1-a598-7ed97ea21866,Desktop Customization
7a2c277d-dc46-44d3-9df2-8890fa53673c,Font Tools
d26099ea-1049-4c6d-b618-3fef3cb199cd,TV & Movies
e7ff0d7e-3fff-4515-b1e7-a511ab0d30b4,Lifestyle Software
13da7498-b0c0-4366-b91d-dd04bce8eb80,Maps
2d67caf6-9e72-4eba-a0e9-5d95c515c29f,Home Energy & Utilities
7bccd49e-819e-4822-a96e-0c2850b2d036,Politics
d0d17880-8678-4c93-9f94-b90f3357308b,Blenders
6ce988a6-114b-4569-91bb-a579fa746f3c,Movies
aabedcbb-c1bd-47a8-bfb5-b10fd2c2d52e,Developer Tutorials
71efd597-311c-4ba5-83cf-e9f83dd37c64,E-book Software
e88e15c2-31bd-49c2-ad3e-bfdd1fbf5426,Beauty Deals
7d860708-9cd3-44f5-8b11-e7ec0487079b,Entertainment
7045c158-e411-4d28-ad16-953407f88688,Chrome Extensions
49be613b-0ec8-48e3-96e8-bc45c21acc32,Online Storage & Data Backup
b361ed44-d00d-42c8-9b58-8f2b0f5c5f66,Insurance
6e1dcf00-511a-4ba2-b2f5-df2e413f7b7b,New Slug
dd8c88c8-8c07-4559-8ddb-10c140b3fdc0,Outdoor Toys
0695742b-f107-42a1-ae9d-c1caaeec0618,Privacy Software
62df99a6-90c9-4661-97e5-0b0a0b8e525b,Pregnancy
1e961767-9ecc-4975-a4e2-134916374dee,Home Services
3c6c255b-1ae6-4ed9-87b5-453a0eafb059,Home Improvement Deals
1365f991-48f7-4154-a3a2-18d77f992bf2,CAD Software
49b13f2a-b8f4-4685-b8c5-67151c4ed8f0,Vitamins & Supplements
501efef2-9107-11e2-b06b-024c619f5c3d,No Map
3dd21187-723f-4957-b27b-2c8198223a64,Adventure Games
c78ec330-92ae-4a0a-ab9f-2003bbe1aa90,Audio Plugins
3a578f9f-caf3-4c45-b53d-e9acd8a9bbc5,Games
10be8fe7-30be-4800-96b9-3e70f51040f5,Photoshop Plugins & Filters
49d0d828-e5a6-457e-b05b-dd023a66d097,Outdoor Heaters
b95cd215-a3d8-4f5f-851f-c8ecc5fc6baf,Camera Deals
3fe9d69f-2e1f-4e3e-af8a-441c024f4c93,Electronics Deals
79beb590-2267-43a9-98cc-9834292adcb9,Web Hosting
ae7f44db-003b-4df9-8330-227face0d3b6,Deals
ad37515c-cf97-444a-80fb-2abb708d3dab,Podcasting Software
2ae8c93f-7cfc-4f9c-9eff-a64b8f8ab1bb,Smart Locks
df6c48ff-27e1-4a84-9824-1e07e533b1c5,Kitchen Deals
947c3608-775c-464d-b9b2-80df4b5494e0,Fitness Accessories
42d417d9-0ba4-44de-a2ec-235e0f4d3599,Small Business Tools
978833b8-951f-4f3f-8222-a974801c759d,Security Software
224cbb6f-8b61-4e53-b845-eb9c34759547,Streaming Audio Software
904b0cac-c472-423e-b18d-acaf5958b62f,Kids Games
fe8d9db5-609b-4aff-b875-503d0ed8cecf,Photo Editors
e644591b-9b6e-4ab2-85b4-a25d7bf9250a,Sports Software
8ebe4095-ad16-4d2e-8d49-65e395aee032,Clipboard Software
626358ce-ff3d-4ebd-aa09-f39e3b7cde5a,Life Insurance
1a14fe9f-e605-4518-8ffc-5d2b20401225,Other Business Software
a3faf70e-ed62-407b-83d6-c42fdd59b0dc,Upload FAQ
02b90b2f-5cba-4daa-bae5-58ae0be58f50,Yard & Outdoors
a1a81abb-31f6-46c3-be6c-2e7d4040df30,Home entertainment accessories
ad0a52c9-cfc8-408f-a839-3fa34358f436,Camera Drivers
914bb35a-56a8-4018-b328-95dddf525bb8,Exotic Vehicles
aaa1379e-5630-4181-8b63-0e4d863f42c2,Credit Cards
2066c0fb-ffd1-4e01-9126-bc76f68995c2,.NET
471ef5e7-4a47-49db-a7e1-6fe82948e989,Electric Vehicles
8bfa3a80-034b-48ac-99e3-9e51c42ace1c,Word Processing Software
3be9ffe6-9591-47d0-8e61-cecc39a3bed2,DVD Burners
1e47f16b-d1b5-4a0b-b0eb-94876c3f8a32,Sports Deals
2f7d66bb-fb9b-42cc-bb84-5432fec00d4f,Currency
fe604bcc-a496-4403-8ec5-0311f490a7d6,Pet Products Deals
510f9882-512b-49eb-b44d-b1da6b7c4c39,Smart Displays
ec8561d9-0637-4300-b666-8b469bb017de,Sports
271a4875-1238-469d-bfbc-7a44bbd887a5,Programming Software
2996f300-f4f6-4bbe-b69c-f6e24c9a3863,Women
3b5ca415-bf85-48ac-aa9d-f6bd544f65f6,Online Courses
5e932b22-b202-4bac-9aa8-546e8f2de574,Newsreaders & RSS Readers
7efdcbb6-cb13-4a13-8d21-401daaad069d,Math Software
9ff023b0-d861-4c1d-9271-09d83f12fe97,Interpreters & Compilers
4c325934-22da-4f45-92b6-09658602f400,iPod Video Software
845e92b8-d479-421c-b37e-64b9732efd58,Broadcast
6e9b1d16-e311-42b9-9627-a1fc4b19fab2,Power Tool Accessories
5c4ff2eb-1600-4605-87df-a241f5d9e89d,5G
52506d1d-6e22-4f53-adfd-0421d27e1340,Lighting
b5006d0b-288f-4bfb-85b0-95ce3185a3ce,Freezers
7be9e64b-88d6-4985-8e34-b65868da9802,Web Browsers
d7f847e2-58f7-4a1b-a49f-bb5c407e6d2d,Help Desk Software
ab413168-4eab-410c-b7bf-ea561d28e238,Wireless Deals
1666effa-92e6-469c-acab-924b02b48784,Database Management Software
47283e5f-e2dd-4a0d-8e1b-5cd753bebe7a,Web Site Tools
f1e33b3f-ddc8-4d0d-bb4c-39d5debf7217,Applets & Add-Ins
fcc2d40c-9bbb-454c-871c-188314613afe,Smart Kitchen
498791f4-f953-4002-8abd-c30faa06f17e,Ringtone Software
ff84d56a-ea2c-4e07-a70b-57d00c43aa3c,Motorsports & Racing
37030f65-08a7-4d33-87dc-be36f4caacc1,Kindle Deals
98f3d855-619b-4efc-b276-3920dadaa4fd,Nutrition
1f4d234f-bb35-4ddd-92d4-eaee01d91de9,Caregiving
39c9613c-d5c3-47e2-9b2e-b5f43e64773a,Uninstallers
308e6f55-8743-4a32-b05d-cc760a50b29b,Water Heaters
1cfb61a3-9261-49f4-a8a4-d2c22f6229cc,Graphic Design Software
58863f03-4e14-4654-b4d0-b7b91d0ed918,Webcam Software
300663b5-ca82-4258-9f65-a9c1479f3a06,Marshall GAMES
ae1ef779-a678-40f4-9382-8129edf45336,Thermostats
667d63df-8df7-4ea9-b6f3-68120c7aedce,Search Tools
68c31295-f340-4af0-ae02-afb2c386906e,Toys & Tabletop Games
83bfe606-c7db-44d6-9bdd-9ddc46f51a70,Commercial & Service Vehicles
1e2c8985-dd9d-43d2-a972-de1fbf9dfe5c,Teaching Tools
44874d06-23a2-45ff-abfe-f14a94d51085,Digital Health and Wellness
8b0a80cb-e24a-4ca0-80a6-924720614648,Watercraft
3486ebc8-6080-49be-98f6-cabee56a4a99,Mortgages
3551b189-e731-4f35-96c7-adee46a8c76a,Racing Games
a11b6b8a-9b01-495b-b2a6-9cfd5715539f,Sports Games
84881f1a-d25e-43e4-95a7-61f0f2f2f72d,Simulation
324776cb-02f9-4b26-aaad-63e7527d3b27,Guides
47bb2f23-270e-4e71-969b-7e6c0d152be6,Drivers
2f526f48-6ba0-4f21-944a-0c86b088cb81,Campers & RVs
ad7ace2d-cf02-4160-9698-13a76feabff7,Components & Libraries
7c86ff71-d354-42d8-8ab7-8c2edff84489,Smart Pets
f022c994-cc6f-4f2d-b414-b68003cbebf0,Digital Photo Tools
719a4366-5bc6-11e5-af29-9d66268d50e8,Productivity Software
719a437a-5bc6-11e5-af29-9d66268d50e8,Desktop Enhancements
719a437b-5bc6-11e5-af29-9d66268d50e8,iTunes & iPod Software
719a4384-5bc6-11e5-af29-9d66268d50e8,Travel
719a4385-5bc6-11e5-af29-9d66268d50e8,Features
269734fb-cc3b-47aa-8ed4-c60c71dc8c63,Streaming Services
d522adc1-118c-44c3-a96e-ec5a59dcff0c,DVD Software
aee21f59-7e5f-41fc-814f-722db1645180,Motherboard Drivers
f3ebf864-fdf9-4128-9b29-93c4671aa8ca,Best Products
899f00ee-6800-4a30-8fc9-57171e489b2c,Firewall Software
1315c8c1-44ad-4ada-aa34-acd2fa78c2fb,Miscellaneous Internet Software
84488911-b0dc-4da7-9d0c-53e22cc78756,Modem Drivers
f54fd66c-733b-4f72-a587-2705423dc17a,Aircraft
40d733d5-c771-4be8-bbfe-0a5b3fdbd55e,Kids & Parenting Software
1757ee5f-b4e3-4dca-b655-7aae49cfb8d5,Mobile Gaming
314675f5-f88f-4d35-96b2-f2752c7717cc,Smart Nursery
fd5a20d2-5143-47ab-a3bd-660c05fdd0aa,VPN
56fb10cd-431b-44c0-81bb-f1e694f2e249,Network Drivers
0cdb2c41-2d1d-4cb4-ad40-a981e8f7b97a,iPod Utilities
4de35966-f0e6-4e71-85a9-e8453fdf99a7,Video Software
784a72de-ed03-45d8-aede-ea1644cb552f,Downloads
00e5c6b4-ac74-48c0-90c2-8b0c3e12fe48,Original Video
61a3de87-12fb-4401-a1ce-565939a3ced0,Smart Grills
c10922d1-2a80-4ea9-b01c-992387840861,Password Managers
272fa385-511f-45d0-98f5-b62797b6fca5,Student Tools
0bc52f38-337e-45b7-8aa4-e32692b8df4b,Medical
2aaa8da0-5b8e-4031-964a-f0de55d0b171,Health & Fitness Software
bcf57fbb-dd5e-45a7-8721-79ac33fbb023,Driving Games
3f63d716-8376-4a90-be00-fcafc2d036a3,Video Editing Software
c13ee173-cdeb-4371-9482-4f9e4dc9c93a,Kitchen & Household Tools
657c5e0d-31df-43f6-99a4-193e49a8a0a3,Marketing Tools
cd86da1f-fd82-4c8f-8501-0535b7019748,Hobby Software
8b273493-16ea-4695-8ce1-4521c3a17d79,Source Code Tools
cb4e17a5-ee92-435f-8db8-871d6918c240,Accounting & Billing Software
b766364a-72dc-44cb-8a4e-5cba96127d45,Spreadsheet Software
aeaf7453-035a-40e7-8832-f74882d2abe1,Laptop & Tablet Carrying Cases
7a7ad3dc-9959-426d-88ae-7c10a3cfa2ea,Arcade Games
d7c39dc5-7ed4-4a2b-81a2-372749cce9eb,Data Transfer & Sync Software
a64a61f9-dc9b-4ec6-98c8-0f581021e2ac,Everyday Needs
0edd8ccc-e911-460f-a124-113f46d88d58,MP3 & Audio Software
f8e8be28-ce06-11e4-95d2-02911863765e,Developer
c70c0565-d4fa-4407-baf0-7469b3c2981a,Coolers
062be5a0-9a2e-453d-aa6e-9db0f004044c,Reference Software
df2361e6-2b67-4c91-b029-bc609f49bea4,Home
f9b4d774-ce06-11e4-95d2-02911863765e,Innovation
fa2746ec-ce06-11e4-95d2-02911863765e,Tech & Work
16d1b934-5e10-46db-a319-3f3bf88390de,Fashion
19315216-4ff4-4b58-a3d1-5497a1985032,Itineraries & Schedules
55dd60db-5896-43a5-9c9a-f34e6fc6de2b,Icon Tools
f32a3347-b455-4628-8f51-54a2d3577edf,Software Installation Tools
424d375d-5698-43cf-9bef-31067f9cfccb,Game Day & Tailgating
5fe399ee-eaf7-4037-b4f2-3a3c1b5c3ccf,Oven Accessories
b7759544-b6f5-4ef6-983e-244ffd2f399b,Brainstorming and Mind-Mapping Software
4cf19c11-c4d7-485e-8036-6365ea399c4a,Cheat Sheets
c3e16c99-9df4-46f8-9d70-df4b12fcc72c,Karaoke Software
f85c372d-f639-4f16-ae1b-d590c283403e,Download FAQ
0fc83283-948a-4677-a383-3746bd0bbb43,Sports & Fitness
2ebfb42a-b735-495e-a7a6-fc4f593f6faa,Login Screens
c722cb28-ca87-4d17-a515-6fba3f523fb0,Fitness
8efdf8da-3a79-44a2-83d7-7e9651ddfba5,Internet Culture
6878b3d5-c20a-4e22-a01a-d6bc100589c3,Concept Vehicles
d65df866-52b1-448e-9dfa-f52eac9428f9,Computer Science
7d59b9ca-dabb-407a-8306-b4338d98fd01,Browsers
1b51b2fd-176b-48d3-a3c0-d1e608f01b3e,Special Features
349dcee5-2602-4bc1-891c-ac490d9a5df6,Transportation
97214d32-b9f1-40eb-a93e-45e3ac228e53,Marshall GAMES GOOD
40fc6398-1065-4057-8a58-675063ddf916,Home Warranty
daaacd06-8d01-4810-9775-1a9ab646a1ba,Offline Browsers
5455d6de-66bf-4e12-81bb-37f4415add22,Cybersecurity
1d04e7a3-b301-4403-a4e1-a578cbde512e,GPS Software
1c31d95d-c387-11e2-8208-0291187b029a,Culture
bb8df62e-aee6-440d-a03f-0520b28e2706,Shows
c71bcc14-2f51-45ff-8eb9-15bbecec1af9,Virtual Reality Apps
7b0652f2-8058-4632-9bef-800a1fdcae7e,Fire Pits
e423d611-6f8a-46e0-a225-a2e6a76e14c8,System Utilities
4075d9fc-a846-425f-928b-b28aa3c02994,Game Controllers
66f19729-c680-4c43-addf-44a53efe2609,Specialized Tools
eee15137-4f5b-4833-ad62-c05ecd539a06,Skin Care
a6327927-58eb-4762-b82f-6ac22328615d,Utilities & Operating Systems
5c4b21e0-e334-4062-8c1e-ac18ad2660d6,Weather Software
cf6da250-7271-40a1-a7c2-52e381af2f4b,Hoverboards
d5502c18-4924-44d3-8c37-a9aa6db1f8b4,Internet of Things
4aea751a-a8be-4f19-8a4d-eedcd2315a48,Document Management Software
6a142987-0214-4132-b923-2cb624a176aa,Java Software
c3d9ab46-ada5-4a2b-8522-a5e213d9a6c0,Screensaver Editors & Tools
453478e1-12f9-431e-bf64-59f2ee72f64b,Broadband
e1a695b4-2ddd-47f3-984a-f816f0a39383,Minivans
7ee80aeb-6c70-4b04-9130-60316016cbc4,Anti-Spyware
d0893fd2-e481-41b5-9608-36caf4dbe08c,Fitness Equipment
261381f9-f43f-11e2-8c7c-d4ae52e62bcc,No Map
6beade0e-354d-4ca7-8f8e-eea3772ae5e7,Watches
c32afea2-46a9-4185-a391-a85aa4b97996,Debugging Software
9d0c3ac4-8ac0-11e2-b06b-024c619f5c3d,Apple
c8eb20da-7697-4ba4-816e-6ada19befb01,Monitoring Software
f7cd4003-14de-43ab-8689-73456c73295b,Contact Management Software
9c05f4b1-15a0-4c39-b578-1f77539b7d2b,DJ Software
1bcc4e21-530c-4455-9474-74aac0217e32,Internet Software
48359f88-9b61-46e3-817a-487b226ece40,Ray's Test Topic (Child)
0a2112a7-58a1-4e5b-90d9-c2cf2437dccc,Fuel Cell Vehicles
577540b1-bbd6-4b4e-b988-1aa0afc6f5ca,Back to School Snacks
31cc3acd-ff10-4267-87d8-4a2961414741,Business Software
01e9b07a-f369-461d-b48b-55f228292fb0,Blogging Software & Tools
9d9dc3c4-3ff2-4a6f-8cbb-6ad8bfa805db,File Compression
a09dbb36-8ac0-11e2-b06b-024c619f5c3d,Hardware
3592fc72-6257-4069-a538-3baec67b56cf,Parental Control
9950496d-c5b1-43e6-abec-666d28f5ca54,"Sudoku, Crossword & Puzzle Games"
62f2003b-5fc0-4213-993f-bfde8ddac2b4,Shoes
5b9b7b2f-90c4-4363-b088-eb8b881db9b3,Humor Software
dbf81152-704b-47e3-9851-bea86f59c632,Antivirus Software
f5c3596c-9979-4f71-ba21-49f2c9b1fb2a,Space
77738ca4-b924-4eab-a66e-93c1803ffc75,Your Money
1ddf844a-f4be-424e-98d0-66e82c9a0382,Travel & Vacations
1bc9c932-c387-11e2-8208-0291187b029a,Gadgets
1bcdc18e-c387-11e2-8208-0291187b029a,Surround systems
53068063-1518-4ba4-b3db-bf40c3ca2c91,Audio Production & Recording Software
4b93d20b-50ad-4f40-92e9-0c965cf208ba,Firefox Add-ons & Plugins
1bcf471e-c387-11e2-8208-0291187b029a,Speakers
1bd33f52-c387-11e2-8208-0291187b029a,Digital Audio Players
1bd51323-c387-11e2-8208-0291187b029a,Smart Home
2ce71aa5-946e-4940-8990-a426dca44a7a,Solar
1bd6e746-c387-11e2-8208-0291187b029a,Kitchen & Household
1bd9a6c6-c387-11e2-8208-0291187b029a,AV Receivers
1bdd5055-c387-11e2-8208-0291187b029a,Mobile Accessories
1bdf4ed0-c387-11e2-8208-0291187b029a,AirPlay speakers
1be14a0f-c387-11e2-8208-0291187b029a,E-readers
a40f2976-8ac0-11e2-b06b-024c619f5c3d,Project Management
02c8a2dc-2c03-433e-9e38-e830b5db459f,Misinformation
1be5dfcd-c387-11e2-8208-0291187b029a,Consoles
1be8022b-c387-11e2-8208-0291187b029a,Flash memory cards
a45a76a6-8ac0-11e2-b06b-024c619f5c3d,Security
5ac79091-31ce-45eb-97ad-2c2177e2c298,Chat
1bea7054-c387-11e2-8208-0291187b029a,Processors
179e3925-945a-4325-a297-7a03f66b38a7,Smart Security Systems
1becba89-c387-11e2-8208-0291187b029a,Personal care appliances
1bef3cb9-c387-11e2-8208-0291187b029a,Operating Systems
1bf1264b-c387-11e2-8208-0291187b029a,Audio
a4f217f4-8ac0-11e2-b06b-024c619f5c3d,Storage
1bf2fd92-c387-11e2-8208-0291187b029a,TVs
1bf51f9b-c387-11e2-8208-0291187b029a,Services & Software
326d496e-f574-4455-8ebe-38af61566d75,Coding Utilities
1bf6cdaf-c387-11e2-8208-0291187b029a,Separate speakers
6cd9a846-ae3a-4e16-b6d6-4343cfa19e76,XML Tools
1bf87949-c387-11e2-8208-0291187b029a,Headphones
cedcd181-15f8-4726-90f9-9c3812b3d4a5,Text-to-Speech Software
1bfa4e32-c387-11e2-8208-0291187b029a,Components
e8e7787e-2228-4272-ac47-3173ea3b8f56,Recipe Software
1bfbd4ac-c387-11e2-8208-0291187b029a,Photography
23e79b5c-48c0-421f-a3cc-6f73b482b645,Music Management Software
1bfd5bc6-c387-11e2-8208-0291187b029a,Home theater receivers
caff1aab-d633-49ac-afc6-ba741e04d867,Outdoors Deals
1bff3376-c387-11e2-8208-0291187b029a,Car Tech
a60138be-8ac0-11e2-b06b-024c619f5c3d,Virtualization
1c01a16b-c387-11e2-8208-0291187b029a,Scanners
965fab1b-0f00-48ec-aa32-9cb723c9ab07,Internet Security Software Suites
1c043a5f-c387-11e2-8208-0291187b029a,Cars
1c05e710-c387-11e2-8208-0291187b029a,Flashes
1c080a46-c387-11e2-8208-0291187b029a,Tablets
1c0a55d1-c387-11e2-8208-0291187b029a,Science
1c0c283d-c387-11e2-8208-0291187b029a,Routers
1c0fd1cb-c387-11e2-8208-0291187b029a,Tech Industry
1c11cdcd-c387-11e2-8208-0291187b029a,Video Cameras
1c1356b9-c387-11e2-8208-0291187b029a,Online
1c157745-c387-11e2-8208-0291187b029a,Web cams
706a25bb-3839-4d9b-b442-fd415be1c08e,Platformer Games
1c16fdfd-c387-11e2-8208-0291187b029a,Monitors
1c1920ed-c387-11e2-8208-0291187b029a,About
1c1aa725-c387-11e2-8208-0291187b029a,Sound bars
1c1c33cd-c387-11e2-8208-0291187b029a,Car audio
b944b7d4-86e3-4e64-b41c-acf5c1113830,Remote Access
9e83b7e7-aa1e-45d4-b418-fd3737a2ca8d,Information Technology
1c1d336c-c387-11e2-8208-0291187b029a,Hard drives
0e71ec57-7b16-41ea-ac4e-714dc36d5009,Software Deals
1c1e84fa-c387-11e2-8208-0291187b029a,Projectors
1c1fbb47-c387-11e2-8208-0291187b029a,Privacy
1c20c4be-c387-11e2-8208-0291187b029a,Networking accessories
1c21ceec-c387-11e2-8208-0291187b029a,Gaming Accessories
1c231fdd-c387-11e2-8208-0291187b029a,Dryers
1c249831-c387-11e2-8208-0291187b029a,Graphic cards
1c25cf99-c387-11e2-8208-0291187b029a,Blu-ray Players
299e93de-b387-4f1f-b0d8-6c37e8990787,Sport Accessories
1c2710a3-c387-11e2-8208-0291187b029a,Bluetooth Headsets
1c285f9b-c387-11e2-8208-0291187b029a,Dishwashers
1c298f9a-c387-11e2-8208-0291187b029a,Media Streamers
09b5b8eb-cb9a-4869-a596-12889f22aab9,Backup Software
1c2bb217-c387-11e2-8208-0291187b029a,Ovens
3844b541-5887-47bc-b184-cf834845d6bf,Themes
1c2d2d67-c387-11e2-8208-0291187b029a,Keyboards
1c2e696f-c387-11e2-8208-0291187b029a,Speaker docks
1c305378-c387-11e2-8208-0291187b029a,GPS
1c33ae71-c387-11e2-8208-0291187b029a,Orphaned Attribute Groups
1c358283-c387-11e2-8208-0291187b029a,Memory
1c37805c-c387-11e2-8208-0291187b029a,Cameras
1c392c5d-c387-11e2-8208-0291187b029a,Washing Machines
1c3b4f04-c387-11e2-8208-0291187b029a,Microwaves
1c3d24e4-c387-11e2-8208-0291187b029a,Home Entertainment
1c3ef8b6-c387-11e2-8208-0291187b029a,Toasters
1c40a669-c387-11e2-8208-0291187b029a,Computer Accessories
1c42a2dc-c387-11e2-8208-0291187b029a,Subwoofers
1c445348-c387-11e2-8208-0291187b029a,Laptops
1c464b76-c387-11e2-8208-0291187b029a,Applications
1c48205d-c387-11e2-8208-0291187b029a,Car Accessories
26cc45a3-9d71-4f9a-ae03-52c2128322a8,Fighting Games
1c49f5f1-c387-11e2-8208-0291187b029a,Peripherals
1c4b7d80-c387-11e2-8208-0291187b029a,Computing
1c4d5109-c387-11e2-8208-0291187b029a,Lenses
1c4f73b5-c387-11e2-8208-0291187b029a,Printers
1c50f9dc-c387-11e2-8208-0291187b029a,Wine chillers & coolers
ab6df26e-a751-4e69-b193-cac2e5879e6a,Collaboration Software
1c52ce32-c387-11e2-8208-0291187b029a,Portable speakers
1c54f0e7-c387-11e2-8208-0291187b029a,Small Appliances
e594ab15-29c3-4d78-bac2-e51257475b04,Strategy Games
1c5677fd-c387-11e2-8208-0291187b029a,Mobile Apps
986149a9-ca1b-46f0-a16c-6a3fb9473996,Miscellaneous Home Software
1c589ab9-c387-11e2-8208-0291187b029a,Gaming Hardware
1c5a20d4-c387-11e2-8208-0291187b029a,Phones
1c5c4502-c387-11e2-8208-0291187b029a,Wireless & Bluetooth Speakers
d0864d5f-fe14-4558-8fca-7e4d8b074e82,Artificial Intelligence
1c5da2ae-c387-11e2-8208-0291187b029a,Refrigerators
1c5f020d-c387-11e2-8208-0291187b029a,Heat & air circulators
1c60b0ab-c387-11e2-8208-0291187b029a,Car video
1c66f1ee-c387-11e2-8208-0291187b029a,Food processors
1c68ee9c-c387-11e2-8208-0291187b029a,Coffee Makers
1c6aea4f-c387-11e2-8208-0291187b029a,Vacuum Cleaners
1c6c6f8c-c387-11e2-8208-0291187b029a,Motherboards
4a9b595e-0125-4706-98ff-07091d1182a2,Google Hangout
1c6e92ed-c387-11e2-8208-0291187b029a,Network storage
1c7019a4-c387-11e2-8208-0291187b029a,Tripods
1c723cd7-c387-11e2-8208-0291187b029a,Camera Accessories
fb94c138-cd2e-4dd3-ae1d-787d3114c6da,Image Viewers
1c73c4f9-c387-11e2-8208-0291187b029a,PC speakers
3d81e830-54da-41ba-b7d5-750a6e11df46,Wagons
1c759799-c387-11e2-8208-0291187b029a,Desktops
a21b1a75-529b-468d-aaef-a0c9ebae2baf,Sleep Tech
1c77ba7e-c387-11e2-8208-0291187b029a,Storage
1c796933-c387-11e2-8208-0291187b029a,Services
1c7b63d0-c387-11e2-8208-0291187b029a,Mice
7c2bfd36-9470-4095-a453-5831f9dbb94b,CRM Software
1c7ceb07-c387-11e2-8208-0291187b029a,TV Accessories
1c7ebf90-c387-11e2-8208-0291187b029a,Video Games
4f6eecf5-4742-494a-aeb8-e410d8a90bf9,Dental Care
1c81f48d-c387-11e2-8208-0291187b029a,DVRs
2bf7eb81-7fa8-4f3c-ab93-87ea372e8c1d,TechRepublic Premium
1c83a249-c387-11e2-8208-0291187b029a,Mobile
1c85ebab-c387-11e2-8208-0291187b029a,Misc
1c879a75-c387-11e2-8208-0291187b029a,Internet Routers
b116943e-d6cd-4e0a-a665-444e6dc56b5b,CIO50
3d49c38a-6a39-4b52-af4b-f78e72dd189b,Luggage Deals
0b4311e2-47ab-4d9b-ab21-a86d9ee5840c,E-mail Software
68974c2c-6b8d-4e39-8d0d-f713635f65f7,Shopping
ec02b78d-411c-4b22-b090-e52b254fd9d9,Smart Health
7c91cda4-8b49-434d-a74c-2b6527e66ea2,Massively Multiplayer RPG
6052cb6f-2150-4ba1-a1fe-526ccff6d88a,GDPR
afbe66e6-efd0-4b25-9d54-26b5cba63cd3,Personal Mobility
6a10ebdf-16c8-4d6a-97a9-3ccee44630df,Lawn Mowers
8f23e592-e736-4c73-8b8d-9e83f0ed489a,Clothing
2b8867ea-f181-4558-958b-a2ea0eefc5b5,Men
28859186-86a6-4fe2-bd4d-80aa2d19144f,Off-Road
965fd8ce-a78e-4260-86c3-2ce75d9d17b1,Emmys 2015
96f6ef32-2627-42e0-9f5c-f914a321505e,Portable Applications
d61dd98e-dc60-46e0-aaa4-783e08e24098,Diagnostic Software
30ce5d92-18bf-41cc-aea7-369732937647,Online Form Tools
beab2d80-3118-4859-9deb-111d0e3e6c37,Crossovers
3ba4ef54-a339-4594-9cc2-596a3734c31b,Smart Plugs
e17cc532-5593-435f-a7b4-1249bbde2eb6,Encryption Software
3fcabfb9-f46a-43c5-af02-064cc2939769,Map Software
5a6273e4-1626-43b7-8603-0fe1ec49acee,The Download Blog
5f28f19d-d466-478c-bd67-0cf5b26a0c61,Infancy
5384f005-b03f-4651-9cbf-a6963b9db736,Business Applications
62703f03-8934-4108-ac69-71028bcc0c73,Automobiles
8f145ea5-6a22-4da7-9d36-0d0958c63fbd,Text Editing Software
0d744b35-8824-4d6f-9a23-c466e25ebbf9,Role-Playing
d43e3848-c46a-4e07-957c-eb76ce8ba18b,iTunes Controllers
2c41f274-e01c-4de7-95c7-c104ed03098d,P2P & File-Sharing Software
7a8f4b8c-9df6-41b7-a5d2-e08327e572f9,DUPLICATE
8e2f766f-bdfe-4043-9137-b2a81fbfc277,Entertainment Software
2114ff39-8ed0-4f9a-a083-0aaffbc70bfc,CES 2017
f1c79f80-ff5f-47aa-9bb9-a5c8f40e9b09,IDE Software
c1befd07-8295-4b82-9189-8273bf8fce15,Wireless Networking Software
22742c04-da84-4760-8559-466d540bd811,Luxury Vehicles
5e024a52-f4ba-4be3-bd72-0d112c199848,Banking
073edf70-12e6-4637-b8c0-b732cb8f9746,Home Insurance
7ab767e6-52c6-4e8b-ab7a-acc34cece039,Fonts
783462b9-e364-43dc-8307-6f3017dcfdf3,Movies
a4447950-bcd8-43a0-be3c-4418502c69a4,Internet Explorer Add-ons & Plugins
ce56a186-0e32-4128-8f31-91c1398bb556,Scanner accessories
c596f798-d58d-448f-93c0-d4c59c8b6802,Printer Accessories
f6d94bef-dfc2-4e3a-b63d-91a36467376b,Car Culture
55d38b8e-3906-401d-b95d-c35b52eecd14,Motorcycles
f1d0cc7a-ac8f-40df-bdf5-cb373a83d79d,Smart Cities
46acca51-d2ea-4c2a-829d-1c90bbe0f839,Voice Recognition Software
d91c64ec-b4b2-4d14-a36a-0ec272898ca4,Networking Apps
4a820ad5-b805-4072-9a19-9b87c75bc140,Flights
62aad847-ccf9-4a9d-80db-0db0dc7b4734,Gift Guide
74576dd1-94f8-437a-a2df-d6f4a2518700,Car Apps
e9adde76-565a-4c48-a6e7-1a4111c40c97,Launchers
08894908-5a22-4ad8-907b-51986497d910,Maintenance & Optimization
0ba053cb-2a32-49c7-a1a8-722d09805489,Collector Cars
df91d7f0-5fe0-471a-9613-c7cc69daff82,Coupes
1a9bcd62-0357-4154-a62f-ead5df89315d,Health & Wellness
332d8ca3-ceef-44eb-925c-0a0962a02575,Action Games
938ed156-dae3-4e2d-bde1-6bf54e4aa338,Loans
1f8a30f2-ef82-4eb1-a7bc-fda03efefb1f,Small Business Software
6e42a4a2-6056-4ff9-94e0-b74dc93f1613,File Management
5d5fca7e-9f6a-411d-bd59-043f30d306d3,eBooks
676dc721-10c5-4d9b-829b-07d0ab4e616e,Virtual Reality Headsets
781afffa-769f-4d28-9850-cd4bafcefbe3,Gaming Controllers
0c5efb57-fcab-4ede-ac24-deeb4af753b8,Auction Software
d21f1c6a-03d9-4724-973f-3de431dc2de1,Music Software
5f290c83-f8dc-4e93-a958-6a19c3f6bd50,Virtual Fitness
53a6bd23-fd32-41bb-9aa8-5a6a7fbc4239,Degrees & Professional Certificates
779e67c7-614c-4e3e-a0c5-7f0344b47068,E-Commerce Software
c0ef0f76-a351-4a54-9881-b6789a01deb2,Video Players
d14bb0e0-c812-11e4-b01e-e4115bad3c96,Windows Software
d14bb41d-c812-11e4-b01e-e4115bad3c96,Mac Software
d14bb7f1-c812-11e4-b01e-e4115bad3c96,Upload News
d14bb9ed-c812-11e4-b01e-e4115bad3c96,Security
d14bbb36-c812-11e4-b01e-e4115bad3c96,Android Software
d14bbb9d-c812-11e4-b01e-e4115bad3c96,iOS Software
d14bc8f1-c812-11e4-b01e-e4115bad3c96,Android
d14bc9be-c812-11e4-b01e-e4115bad3c96,Apps And Software
0f5dfad6-7a87-4e6b-999d-9e2f225f7fd9,Furniture Deals
de3b3c09-ccf3-46b3-af59-40d1d91f61a9,Mouse Drivers
0c92779d-5028-4e4c-a0bc-3db8ed576dc7,Hybrids
b6f9485e-a4b6-4918-84ef-b7fd050eeb46,Generators
a16b251c-ca72-4649-92b9-6a5d2f6750c1,Beauty
7196d84b-d82b-4f3a-977b-6738e510d1fd,Reviews
bb7c9783-daf8-40a5-b54a-92b603470570,Real-Time Strategy Games
532a2410-a765-4353-b935-5f6dc0f1763b,Celebrities
8d6d8f1a-e9f3-47dc-969f-c7da76661217,Calculators
b91b3e6d-d6d9-4119-b62b-32d1f13a30a0,Web Development Software
91299d22-1ac4-4e3e-a29e-0f4ee67c85d5,Spam Filters
7622dd8a-88db-4f2c-945c-bfc5cdba675e,Alarms & Clock Software
602f7a72-95e0-4c59-9faf-8d37f0e1c9bf,Auto Insurance
f8913760-cc13-4ab3-b1db-c098c05d9ee3,E-mail Utilities
bb77c07e-13eb-4a27-9215-a969483e77d8,Project Management Software
5174f251-5213-4c72-9733-827129816d72,Convertibles
2b532b7e-d578-4111-bf67-a6828acb3ce4,Autonomous Vehicles
7e8d6944-ebe8-4aad-8012-96c8f75add25,Business
3600590c-4d80-4309-977e-34f0be440eb5,Language Learning
fcdce451-bb26-4b9b-94c2-6848eeacc4a1,Restaurants
9a074bdc-be99-4459-b63e-c5fa7be8ac6b,Security Cameras
19cb1db1-d43b-46ac-b911-50d72dbd8610,Auction Sites
0b25dae2-5a5e-4765-8321-16a4e25ab313,Health & Personal Care Deals
f8d8d031-2cfa-48f1-b49c-9d8ce316ac78,Wellness
7a9a106e-2905-4b10-91c0-be7a545d2f75,Video Camera Accessories
e3556aef-b7ea-418d-a82a-4d3661682eb6,Other Games
39870a6f-5315-4ffb-a672-6dfb5dd62e74,Theme Editors & Tools
210f69c1-af30-4c1e-b0b2-3c42e40ee6a4,Cable
d3c3f0ce-ccad-446e-9d64-fefe7609804a,Dial-up Software
777155a7-459f-4b76-a887-2955fe7e46e0,Virtual Desktop Managers
8be34bb8-0856-4969-8925-188ac4cfb369,Smart Fitness
f92821ef-1ee6-4dde-bd3e-7663134852ac,Digital Camera Firmware
24c4a9ab-6d71-4776-8c70-1f61b2511382,Juicers
8c9730c7-b5e2-4c65-a8c5-94d7e3d62f18,Yard & Garden
51a496b3-edf1-459f-818a-7992f5088001,E-Bikes
2ea26c86-c88d-4ca8-836f-ee9575c95fae,Foldable Phones
bc0d1aba-37c7-4091-80df-6787b8f258f3,Mental Health
964c56cd-4b60-48e2-a450-892755576435,Sports Cars
9f3e5d5a-ba96-431f-96d8-af3bff2e1e25,Xbox
683db40f-5d7b-496d-8044-2cfa1eaa8b61,Bikes
76e689e9-9367-42c9-bc88-b1ee0a5b352d,Other Educational Software
9a4ba749-8c5c-4e60-8379-1ae75a15db59,Network Tools
6c7ef112-8428-4348-a316-5824dc122e56,Inventory Software
79034346-468a-43a2-b1c1-c13efcaa10fd,Tax Software
4037d3d8-66e3-4ff6-85c9-d7f91efd054e,Moving
e720c588-c812-11e4-b01e-e4115bad3c96,Star Apps
291a4366-a3ca-4a4f-93fb-096b390b9eb9,Calendar & Time Management Software
dfb1322d-0ed8-4d9a-a771-6ee33d5fbef5,iTunes Artwork
16ed94ac-ac5a-4767-90a8-83f96da8de49,Personal Finance Software
f9826da8-d17c-4d9f-927e-5ab40a22aa02,Network Management Software
cdbc44c1-18cb-46a6-b749-17150b160ee1,CBD
158ef8c1-fb1f-4fb3-90b1-a3d6a8990fa9,PC Gaming
411acaa1-71cf-41d2-ada5-4ca6444125d5,Developer Tools
5c4221c5-2453-46bd-8526-392bea86509b,Car Industry
383c248d-ac5c-4bd1-b951-70b000ecd6dc,Social Networking Software
adda9e65-e590-470b-ae2f-e0b96c3b7c0e,Social Media
0add5de5-8c31-4c25-9793-f68796078d61,Religious Software
95d7f150-8e69-4d1c-bd92-8a0834390c70,Games Utilities & Editors
0208f6a2-7fbf-41b1-a814-6ea8ce5fc6a0,Tools Deals
370dda76-c0c9-4d66-a94d-34c29dcb488d,HVAC
95cd4f00-e787-4ae4-b5ca-1839894d23ce,Video Publishing & Sharing
78478a61-91d0-47c8-ac19-68bbc1290068,Gadgets & Widgets
462f6638-abf9-44a2-bfca-21d281ae932a,Streaming Services
50838081-4277-4785-9963-d0a540c5f9c8,Smartwatches
11ee3a97-f215-42e7-9db3-a51c45db2014,Virtual Reality Gaming
f6543f59-aaf1-4986-93d5-2c7a6b2930a7,Ray's Test Topic (Parent)
fb8a0922-0a74-44ca-9819-52bfcb6a4a2d,Auto Tech
1ccd2c99-c6dc-46f2-928b-3b2e6ebc1060,Optics
67556876-baa9-4bbc-8200-2594f019c6fe,Random
065b6ff6-13f6-4ef0-96aa-73d7c3106dfe,SCSI Drivers
e0f36fd2-3e69-4693-9fc9-35c6230438ba,Bookmark Managers
e70c619e-df7c-41bf-854d-11d51bfdcd9d,Media Players
3acded25-9e04-4d5d-ba7a-d7e8a6337fe7,Internet Operations
d41e8e01-5d37-4db1-9c36-a36342fdb1e8,iTunes Sharing
9f08a48d-5548-4265-999d-bb0ede3085d3,Appliance Accessories
6300ffcb-dca2-48cd-a495-2cd1f6dec5da,Shows Leaving Soon
b8717c5e-0911-4525-a9cc-80015045d764,Other iTunes & Ipod Software
5d8ef840-5453-4fca-8712-326b3c42ddf0,Smart Home Controllers
efbd7a4f-4ea9-4ea9-8717-84d787e318cd,Podcasts
5dd5c23c-ee37-4363-a4da-6697ef7f44a7,Legal Software
9ec4d8ee-f79c-4fb7-ac0e-818fa98525a8,Marshall
bafb08c3-78d6-499f-8d86-dc885b6dcf14,Fine Arts Software
9e838b43-6e75-402a-9c96-a418dfc777ac,Streaming
2e26b73a-aeb1-4ef9-b6f1-8acae39a4813,Home Software
af2dad8e-7aa8-4e37-be99-6717665652d1,Cursors
e7f23cb3-2ef2-43c4-873a-d708bdb11223,Hatchbacks
3568b28f-cbe1-42f3-b688-666970c504a8,Small kitchen appliances
33a5f67b-374e-4306-9fea-33016bdd8d95,Health Tech
c26d06df-b2d9-4b1d-a060-def44c7319a8,Laptop/Tablet Accessories
b6b153ed-516e-4dfd-b136-7a9e86e74e57,Printer Drivers
c2fecb11-63ad-42c6-83cf-80c127f7bf3d,First-Person Shooters
d98bd9ca-c50d-4347-8941-548998502583,Food Delivery
ae1d31fb-263c-4ffa-b794-bb62dd479a3a,Tweaks Software